Lens ID,Title,Date Published,Publication Year,Publication Type,Source Title,ISSNs,Publisher,Source Country,Author/s,Abstract,Volume,Issue Number,Start Page,End Page,Fields of Study,Keywords,MeSH Terms,Chemicals,Funding,Source URLs,External URL,PMID,DOI,Microsoft Academic ID,PMCID,Citing Patents Count,References,Citing Works Count,Is Open Access,Open Access License,Open Access Colour
005-443-695-721-984,Salmon Louse (Lepeophtheirus salmonis (Krøyer)) Control Methods and Efficacy in Atlantic Salmon (Salmo salar (Linnaeus)) Aquaculture: A Literature Review,2020-03-31,2020,journal article,Fishes,24103888,MDPI AG,,Kristine Cerbule; Jacques Godfroid,"The salmon louse (Lepeophtheirus salmonis) causes problems in Atlantic salmon (Salmo salar) aquaculture in the Northern Hemisphere, because infestations can result in both a loss of production and in fish mortality. Several types of treatment have been used to control louse infestations, but these have seen varying success. The aim of this review is to examine the efficacy and safety of commonly used treatments (chemical, biological, mechanical, and preventive measures) as documented in peer-reviewed publications. Efficacy is assessed in relation to a reduction in numbers of lice, and safety is assessed as a lack of negative treatment-associated effects on fish health and welfare (Atlantic salmon and/or cleaner fish). Most chemical treatments showed decreasing efficacy over time, together with the use of increasing concentrations as a result of the development of resistance to the treatments by lice. The need for a restrictive use of pesticides to preserve treatment efficacy has been emphasized. The use of cleaner fish was suggested to be effective, with few or no negative effects towards Atlantic salmon. The use of cleaner fish would be preferable to chemical treatment if the farmed fish health and welfare criteria are met. At present, the number of peer-reviewed publications relating to other forms of treatment and prevention are sparse.",5,2,11,,Fish farming; Louse; Salmon louse; Cleaner fish; Salmo; Lepeophtheirus; Biology; Aquaculture; Zoology; Fish mortality,,,,,https://www.mdpi.com/2410-3888/5/2/11/pdf https://www.mdpi.com/2410-3888/5/2/11 https://munin.uit.no/handle/10037/18267 https://doaj.org/article/314ff1e477284ac980f2ea34d926b299,http://dx.doi.org/10.3390/fishes5020011,,10.3390/fishes5020011,3014962369,,0,002-768-730-759-782; 003-266-098-873-149; 003-811-144-992-933; 005-887-441-610-528; 008-360-064-285-085; 010-041-035-170-223; 010-286-162-849-090; 013-526-636-706-745; 015-844-159-221-484; 017-300-737-144-757; 018-411-365-022-246; 019-810-466-864-64X; 020-923-079-878-490; 021-342-247-288-811; 021-407-781-108-491; 022-124-552-755-464; 023-093-951-027-904; 024-190-232-524-788; 030-773-678-771-881; 031-210-235-689-835; 031-408-664-328-767; 031-619-370-090-335; 032-135-186-058-496; 032-924-022-440-498; 034-250-206-625-360; 035-654-318-765-541; 035-942-822-242-56X; 036-844-383-282-865; 041-572-869-003-322; 046-497-232-886-089; 049-669-347-478-867; 052-972-157-100-476; 055-156-088-883-473; 059-194-289-090-077; 070-784-873-746-176; 075-457-046-493-842; 080-169-813-923-298; 080-567-260-594-511; 081-764-554-386-469; 092-322-781-007-845; 094-191-833-191-644; 094-753-668-342-729; 105-828-398-750-079; 105-979-024-733-133; 114-397-239-163-875; 114-985-432-148-272; 119-710-109-833-172; 126-904-835-454-029; 135-300-456-561-624; 145-133-277-345-368; 146-800-335-179-488; 166-292-430-617-72X; 180-970-499-700-959,9,true,cc-by,gold
011-564-487-161-810,A historical review of the key bacterial and viral pathogens of Scottish wild fish,2017-07-18,2017,journal article,Journal of fish diseases,13652761; 01407775,Wiley,United Kingdom,I.S. Wallace; P McKay; Alexander G. Murray,"Thousands of Scottish wild fish were screened for pathogens by Marine Scotland Science. A systematic review of published and unpublished data on six key pathogens (Renibacterium salmoninarum, Aeromonas salmonicida, IPNV, ISAV, SAV and VHSV) found in Scottish wild and farmed fish was undertaken. Despite many reported cases in farmed fish, there was a limited number of positive samples from Scottish wild fish, however, there was evidence for interactions between wild and farmed fish. A slightly elevated IPNV prevalence was reported in wild marine fish caught close to Atlantic salmon, Salmo salar L., farms that had undergone clinical IPN. Salmonid alphavirus was isolated from wild marine fish caught near Atlantic salmon farms with a SAV infection history. Isolations of VHSV were made from cleaner wrasse (Labridae) used on Scottish Atlantic salmon farms and VHSV was detected in local wild marine fish. However, these pathogens have been detected in wild marine fish caught remotely from aquaculture sites. These data suggest that despite the large number of samples taken, there is limited evidence for clinical disease in wild fish due to these pathogens (although BKD and furunculosis historically occurred) and they are likely to have had a minimal impact on Scottish wild fish.",40,12,1741,1756,Fish farming; Key (lock); Salmo; Wrasse; Renibacterium salmoninarum; Aeromonas salmonicida; Fish <Actinopterygii>; Fishery; Biology; Aquaculture,Scottish wild fish; disease interactions; fin fish aquaculture; pathogens,Actinomycetales Infections/epidemiology; Aeromonas salmonicida/isolation & purification; Animals; Aquaculture; Fish Diseases/epidemiology; Fishes/microbiology; Furunculosis/epidemiology; Gram-Negative Bacterial Infections/epidemiology; Micrococcaceae/isolation & purification; RNA Virus Infections/epidemiology; RNA Viruses/isolation & purification; Salmo salar; Scotland/epidemiology,,,https://onlinelibrary.wiley.com/doi/abs/10.1111/jfd.12654 https://pubmed.ncbi.nlm.nih.gov/28718925/ https://onlinelibrary.wiley.com/resolve/doi?DOI=10.1111%2Fjfd.12654 https://europepmc.org/article/MED/28718925 https://www.ncbi.nlm.nih.gov/pubmed/28718925,http://dx.doi.org/10.1111/jfd.12654,28718925,10.1111/jfd.12654,2737765974,,0,001-163-105-653-669; 002-435-011-132-400; 002-957-247-793-035; 004-198-841-982-814; 004-285-424-447-568; 005-723-688-540-903; 006-289-575-541-771; 006-315-838-908-077; 008-243-502-469-149; 010-837-023-598-998; 013-447-955-218-479; 014-304-857-307-126; 014-334-655-848-300; 014-731-397-210-898; 014-781-758-053-329; 014-827-313-385-524; 015-305-171-134-428; 015-920-768-139-357; 016-003-904-617-578; 017-780-847-670-833; 018-340-115-013-376; 021-536-400-388-823; 022-206-792-655-648; 022-681-351-044-916; 023-445-516-113-273; 025-822-397-747-17X; 027-050-269-512-400; 027-325-228-897-439; 027-919-363-833-276; 029-447-375-871-157; 031-913-189-812-388; 033-515-006-822-057; 034-101-866-750-985; 034-824-104-828-095; 035-538-485-976-268; 036-154-888-658-137; 037-087-216-289-921; 037-656-479-114-725; 038-377-525-790-500; 039-247-780-572-907; 039-525-628-754-228; 042-852-741-701-968; 043-758-220-368-042; 047-648-004-161-918; 049-080-515-743-024; 052-746-639-241-735; 055-229-113-400-141; 057-479-840-929-396; 058-223-646-894-414; 058-880-189-956-551; 059-439-588-451-170; 059-618-216-953-181; 065-204-767-576-64X; 072-196-641-391-160; 075-300-778-808-787; 075-723-345-439-650; 076-849-189-773-859; 077-456-806-733-211; 081-128-608-895-06X; 086-578-036-175-111; 096-475-116-600-14X; 097-533-500-661-288; 097-883-651-070-119; 102-921-917-332-504; 105-643-171-451-663; 108-694-339-861-973; 113-268-764-833-825; 114-559-734-700-163; 115-441-422-301-270; 121-673-197-849-466; 123-048-762-113-056; 124-416-977-614-109; 125-564-583-487-283; 127-694-778-456-848; 129-250-162-011-950; 133-531-096-975-609; 135-794-256-833-704; 138-628-038-133-115; 141-355-307-029-760; 144-442-209-200-75X; 146-823-964-778-24X; 178-845-700-112-67X; 189-520-656-654-343; 191-712-533-788-059,26,false,,
015-844-159-221-484,Effects of salmon lice Lepeophtheirus salmonis on wild sea trout Salmo trutta—a literature review,2015-08-20,2015,journal article,Aquaculture Environment Interactions,1869215x; 18697534,Inter-Research Science Center,Germany,Eva B. Thorstad; Chris Todd; Ingebrigt Uglem; Pål Arne Bjørn; Patrick G. Gargan; Knut Wiik Vollset; Elina Halttunen; Steinar Kålås; Marius Berg; Bengt Finstad,"Salmon farming increases the abundance of salmon lice, which are ectoparasites of salmonids in the sea. Here we review the current knowledge on the effects of salmon lice on wild sea trout. Salmon lice feed on host mucus, skin and muscle, and infestation may induce osmoreg- ulatory dysfunction, physiological stress, anaemia, reduced feeding and growth, increased sus- ceptibility to secondary infections, reduced disease resistance and ultimately mortality of individ- ual sea trout. Wild sea trout in farm-free areas generally show low lice levels. In farm-intensive areas, lice levels on wild sea trout are typically higher, and more variable than in farm-free areas. Lice on wild sea trout are found at elevated levels particularly within 30 km of the nearest farms but can also extend to further ranges. Salmon lice in intensively farmed areas have negatively impacted wild sea trout populations by reducing growth and increasing marine mortality. Quan- tification of these impacts remains a challenge, although population-level effects have been quan- tified in Atlantic salmon by comparing the survival of chemically protected fish with control groups, which are relevant also for sea trout. Mortality attributable to salmon lice can lead to an average of 12�29% fewer salmon spawners. Reduced growth and increased mortality will reduce the benefits of marine migration for sea trout, and may also result in selection against anadromy in areas with high lice levels. Salmon lice-induced effects on sea trout populations may also extend to altered genetic composition and reduced diversity, and possibly to the local loss of sea trout, and establishment of exclusively freshwater resident populations.",7,2,91,113,Fish farming; Aquatic animal; Infestation; Salmo; Lepeophtheirus; Secondary infection; Fishery; AquAdvantage salmon; Biology; Aquaculture,,,,,https://dx.doi.org/10.3354/aei00142 https://www.int-res.com/abstracts/aei/v7/n2/p91-113/ https://brage.nina.no/nina-xmlui/handle/11250/2359600 http://dx.doi.org/10.3354/aei00142 https://research-repository.st-andrews.ac.uk/bitstream/10023/7295/1/Thorstad_et_al_2015_AEI.pdf https://www.cabdirect.org/cabdirect/abstract/20153378918?q=(au%3a%22Gargan%2c+P.+G.%22) https://research-repository.st-andrews.ac.uk/handle/10023/7295 https://www.int-res.com/articles/aei2015/7/q007p091.pdf https://brage.bibsys.no/xmlui/handle/11250/298623 https://research-repository.st-andrews.ac.uk/bitstream/handle/10023/7295/Thorstad_et_al_2015_AEI.pdf;sequence=1 https://core.ac.uk/display/30319659,http://dx.doi.org/10.3354/aei00142,,10.3354/aei00142,1254403692,,0,001-121-389-051-399; 001-481-336-114-869; 002-252-222-802-388; 002-463-645-374-055; 002-772-777-017-980; 002-852-875-338-008; 003-264-965-694-271; 003-604-508-351-335; 005-184-974-633-393; 006-315-020-244-497; 006-383-620-441-800; 007-325-136-560-294; 008-243-502-469-149; 008-413-619-288-789; 009-010-833-433-06X; 009-418-419-106-265; 009-427-482-674-083; 010-448-229-130-531; 010-596-562-138-128; 012-769-242-063-652; 012-857-436-287-742; 014-000-053-440-770; 015-524-546-954-765; 016-515-814-438-639; 017-838-398-726-713; 018-153-897-936-883; 019-976-274-580-394; 020-242-687-946-537; 021-750-307-522-829; 022-146-676-733-731; 022-338-909-429-930; 022-653-030-425-752; 023-074-750-881-908; 024-590-024-985-750; 024-740-080-750-121; 025-443-016-033-801; 025-822-397-747-17X; 026-193-073-361-42X; 029-250-511-820-284; 030-056-642-493-443; 030-457-549-755-776; 030-507-306-446-082; 031-404-248-295-769; 031-408-664-328-767; 031-748-501-371-85X; 032-534-250-006-825; 033-576-038-741-912; 033-760-943-599-821; 033-887-114-764-701; 035-862-275-059-669; 036-154-888-658-137; 037-912-631-519-568; 038-409-681-172-847; 042-047-733-155-870; 042-625-030-640-046; 045-583-657-390-243; 052-163-324-761-416; 054-840-514-410-682; 054-901-844-328-506; 056-779-649-954-639; 056-913-298-874-729; 057-479-840-929-396; 058-001-915-919-752; 058-782-059-899-350; 059-265-397-897-957; 062-639-944-318-937; 063-526-019-112-259; 064-189-572-316-056; 064-928-545-542-230; 065-079-057-710-912; 065-245-317-485-952; 065-266-694-337-544; 066-544-367-963-955; 066-745-774-005-157; 067-214-993-982-533; 067-757-054-773-574; 069-247-152-723-354; 070-816-355-262-239; 070-848-211-656-702; 073-129-097-419-962; 074-172-075-776-088; 074-625-351-676-93X; 078-979-656-011-14X; 080-595-339-368-70X; 081-586-876-614-277; 082-856-998-655-599; 086-649-684-659-734; 088-624-268-655-63X; 090-880-156-791-658; 090-906-231-514-427; 092-279-470-830-550; 095-954-724-712-083; 096-562-361-047-283; 098-477-689-039-806; 098-938-937-453-264; 100-153-410-675-549; 103-605-760-707-700; 104-428-263-302-093; 104-675-442-510-89X; 105-750-636-156-968; 106-390-722-512-236; 106-823-965-259-467; 107-451-769-883-539; 107-818-363-582-945; 109-149-823-420-523; 111-003-842-018-468; 113-095-615-537-413; 114-004-242-995-891; 117-330-612-663-994; 120-269-020-100-854; 122-411-192-358-226; 124-505-537-218-350; 126-144-052-085-58X; 126-442-832-074-14X; 128-061-922-752-972; 128-991-998-521-91X; 131-324-964-920-700; 139-414-271-900-109; 148-080-197-740-395; 149-488-590-934-554; 151-808-228-734-746; 166-342-459-149-491; 167-120-135-265-237; 168-687-117-444-403; 171-755-406-451-466; 173-647-210-377-924; 173-957-776-897-340,141,true,cc-by,gold
022-873-951-025-395,Impacts of parasites on marine survival of Atlantic salmon: a meta-analysis,2015-12-30,2015,journal article,Fish and Fisheries,14672960; 14672979,Wiley,United Kingdom,Knut Wiik Vollset; Randi I. Krontveit; Peder A. Jansen; Bengt Finstad; Bjørn Torgeir Barlaup; Ove Skilbrei; Martin Krkošek; Pål Romunstad; Arnfinn Aunsmo; Arne Jensen; Ian R. Dohoo,"Parasites can, in theory, have large impacts on the survival of fish populations. One method to evaluate such impacts on anadromous species is to apply manipulative field experiments in which parallel groups of antiparasitically treated and non-treated fish are simultaneously released and then subsequently recaptured as returning adults. A systematic review and meta-analysis on all such Norwegian studies on Salmo salar provided a data set for the time period 1996 to 2011 on 118 release groups comprising 657 624 fish released and 3989 recaptured. The overall risk ratio (RR) was estimated to be 1.18 (95% CI: 1.07–1.30). The effect varied strongly between groups, (Higgins I2 = 40.1%). Over 70% of this heterogeneity could be explained by the release location, time period and baseline survival. The most important predictor variable was baseline survival. In groups with low recapture in the control group (low baseline survival), the effect of treatment was high (RR = 1.7), while in groups with high recapture in the control group (high baseline survival), there was no effect of treatment (RR ~ 1.00). The most prevalent parasite in the region affected by the drugs administered was Lepeophtheirus salmonis. Hence, the meta-analysis supports the hypothesis that L. salmonis contributes to the mortality of S. salar during outward migration. However, the effect of treatment was not consistent, but was evidently strongly modulated by other risk factors. The results suggest that the population-level effects of parasites cannot be estimated independently of other factors affecting the marine survival of S. salar.",17,3,714,730,Fish migration; Peer review; Fish farming; Demography; Aquatic animal; Ecology; Salmon louse; Salmo; Lepeophtheirus; Relative risk; Biology,,,,Norges Forskningsråd,https://onlinelibrary.wiley.com/doi/abs/10.1111/faf.12141 https://ntnuopen.ntnu.no/ntnu-xmlui/handle/11250/2468997 https://ntnuopen.ntnu.no/ntnu-xmlui/bitstream/11250/2468997/2/repository_postprint_Manuscript.pdf https://www.cabdirect.org/cabdirect/abstract/20163300200 http://onlinelibrary.wiley.com/doi/10.1111/faf.12141/abstract https://core.ac.uk/display/157613197 https://brage.bibsys.no/xmlui/handle/11250/2468997 https://core.ac.uk/download/pdf/225964292.pdf,http://dx.doi.org/10.1111/faf.12141,,10.1111/faf.12141,2214727103,,0,000-527-428-678-412; 009-010-833-433-06X; 009-427-482-674-083; 012-358-692-939-651; 017-701-116-441-465; 017-838-398-726-713; 021-750-307-522-829; 023-074-750-881-908; 026-193-073-361-42X; 029-250-511-820-284; 029-817-967-796-694; 032-329-198-742-012; 032-534-250-006-825; 033-760-943-599-821; 033-887-114-764-701; 035-862-275-059-669; 037-887-426-294-556; 040-046-406-335-308; 040-591-438-632-730; 044-145-299-435-782; 045-583-657-390-243; 052-163-324-761-416; 056-913-298-874-729; 063-526-019-112-259; 066-544-367-963-955; 067-174-977-427-958; 070-848-211-656-702; 077-798-319-531-962; 079-255-437-034-280; 082-856-998-655-599; 090-308-128-063-082; 098-246-401-404-15X; 098-477-689-039-806; 101-751-258-311-906; 109-468-917-675-859; 114-004-242-995-891; 114-620-854-229-986; 120-269-020-100-854; 124-376-245-780-60X; 131-882-559-881-61X; 135-300-456-561-624; 139-414-271-900-109; 156-831-818-842-242; 168-723-290-808-624; 171-755-406-451-466,97,true,,green
031-032-947-217-677,Environmental indicators in salmon aquaculture research: A systematic review,2021-06-29,2021,journal article,Reviews in Aquaculture,17535123; 17535131,Wiley,Australia,Megan E. Rector; Jenny Weitzman; Ramón Filgueira; Jon Grant,"<jats:title>Abstract</jats:title><jats:p>The ecosystem approach to aquaculture (EAA) is a strategy for the sustainable development of the aquaculture sector, but the question of how it can be practically implemented remains unclear. Indicators that can be applied at relevant scales of impact and that reflect the environmental status and change offer a means of operationalizing EAA. Therefore, a systematic literature review was carried out to identify environmental indicators referenced in salmon aquaculture literature and review their potential to support EAA. Using the PRISMA method for selecting journal papers, 101 articles that included 531 indicators were reviewed. Indicators were characterized based on the effect of aquaculture they measure, their similarity to other indicators extracted, and the scale at which they were applied. Indicators and their characteristics are presented in a searchable online database. A scoring method for evaluating indicators based on criteria drawn from environmental indicator literature and the potential scalability of indicators to meet the needs of EAA was developed and applied to the most frequently referenced indicators. Overall, near‐field indicators of benthic impacts dominated salmon aquaculture literature. Of the most frequently referenced indicators, those that scored highest based on criteria drawn from environmental indicator literature also scored highest on scalability and therefore their potential contribution to EAA. Overall, results suggest that additional research and application of far‐field environmental indicators in salmon aquaculture will be required to identify a suite of indicators that can be applied as part of EAA practice.</jats:p>",14,1,156,177,Geography; Salmon aquaculture; Fishery; Aquaculture,,,,Killam Trusts; Natural Sciences and Engineering Research Council of Canada,https://onlinelibrary.wiley.com/doi/10.1111/raq.12590,http://dx.doi.org/10.1111/raq.12590,,10.1111/raq.12590,3190151968,,0,000-141-175-096-905; 002-050-768-628-769; 002-565-487-742-760; 005-407-463-981-56X; 005-443-599-821-07X; 006-275-897-815-897; 006-519-897-538-365; 007-796-463-102-718; 008-193-433-455-399; 009-323-702-322-279; 010-217-966-444-161; 010-907-052-288-842; 012-822-954-716-80X; 013-436-929-198-044; 013-582-142-203-060; 013-588-052-578-237; 014-349-489-641-970; 014-578-648-590-613; 015-122-214-156-95X; 017-782-651-891-895; 017-838-316-507-753; 018-640-907-726-336; 020-923-079-878-490; 021-095-613-014-63X; 021-944-720-672-500; 022-180-636-979-365; 022-434-686-691-658; 022-676-328-523-402; 022-736-845-453-221; 024-090-510-708-432; 025-421-800-579-421; 026-158-411-816-607; 027-187-681-942-514; 027-738-321-178-557; 028-406-861-546-23X; 028-915-467-422-875; 028-935-302-914-474; 029-740-847-402-782; 029-887-336-795-322; 029-914-610-290-564; 029-981-494-823-799; 031-436-179-387-614; 031-791-386-850-41X; 035-939-553-512-973; 035-990-575-538-81X; 036-401-799-885-624; 036-789-451-193-452; 038-531-127-748-895; 039-986-290-647-901; 040-410-426-075-425; 041-569-778-810-738; 042-684-613-213-142; 042-750-138-623-558; 045-889-469-784-933; 046-497-801-755-59X; 046-661-436-673-140; 046-796-867-088-187; 047-785-698-108-687; 048-269-787-407-932; 048-531-725-771-588; 049-410-232-293-739; 049-467-976-297-174; 049-506-427-332-028; 050-874-405-359-507; 052-447-323-175-444; 052-472-355-865-778; 053-047-560-086-449; 055-767-546-848-134; 056-179-477-884-339; 056-188-056-790-814; 056-750-690-814-532; 056-833-476-854-545; 056-848-460-352-438; 058-896-532-479-366; 060-098-553-034-038; 060-733-335-490-051; 061-804-249-701-280; 061-807-335-098-012; 062-283-193-395-960; 063-490-763-591-129; 064-313-381-168-21X; 064-599-750-476-805; 065-579-167-537-410; 067-045-975-530-782; 068-649-820-663-904; 071-582-010-266-178; 073-164-648-956-240; 073-609-367-040-016; 073-896-109-845-713; 074-193-099-693-378; 076-661-422-111-057; 076-678-453-580-551; 077-314-325-805-081; 078-758-798-802-255; 079-235-259-254-636; 079-681-804-010-750; 079-946-873-881-980; 080-315-914-232-077; 080-649-809-002-544; 082-714-576-477-581; 083-598-068-157-582; 083-965-165-325-738; 090-458-011-396-792; 093-498-627-579-314; 094-825-406-999-691; 099-243-227-751-959; 100-196-699-240-30X; 100-754-610-074-362; 101-021-942-760-316; 101-545-975-881-808; 102-840-555-921-779; 103-711-065-155-536; 106-035-739-807-392; 109-561-430-596-16X; 110-830-930-792-720; 112-855-319-079-73X; 115-468-147-125-582; 118-718-524-401-174; 129-712-940-712-336; 132-388-321-693-62X; 134-328-814-719-611; 135-225-632-289-395; 148-537-029-910-882; 151-387-722-935-25X; 156-387-713-972-157; 159-161-893-024-636; 159-366-258-385-482; 166-292-430-617-72X; 169-379-371-526-318,5,false,,
032-801-739-573-327,Comparing Life Cycle Assessment (LCA) of Salmonid Aquaculture Production Systems: Status and Perspectives,2019-04-30,2019,journal article,Sustainability,20711050,MDPI AG,Switzerland,Gaspard Philis; Friederike Ziegler; Lars Christian Gansel; Mona Dverdal Jansen; Erik Olav Gracey; Anne Stene,"Aquaculture is the fastest growing food sector worldwide, mostly driven by a steadily increasing protein demand. In response to growing ecological concerns, life cycle assessment (LCA) emerged as a key environmental tool to measure the impacts of various production systems, including aquaculture. In this review, we focused on farmed salmonids to perform an in-depth analysis, investigating methodologies and comparing results of LCA studies of this finfish family in relation to species and production technologies. Identifying the environmental strengths and weaknesses of salmonid production technologies is central to ensure that industrial actors and policymakers make informed choices to take the production of this important marine livestock to a more sustainable path. Three critical aspects of salmonid LCAs were studied based on 24 articles and reports: (1) Methodological application, (2) construction of inventories, and (3) comparison of production technologies across studies. Our first assessment provides an overview and compares important methodological choices. The second analysis maps the main foreground and background data sources, as well as the state of process inclusion and exclusion. In the third section, a first attempt to compare life cycle impact assessment (LCIA) and feed conversion ratio (FCR) data across production technologies was conducted using a single factor statistical protocol. Overall, findings suggested a lack of methodological completeness and reporting in the literature and demonstrated that inventories suffered from incomplete description and partial disclosure. Our attempt to compare LCA results across studies was challenging due to confounding factors and poor data availability, but useful as a first step in highlighting the importance of production technology for salmonids. In groups where the data was robust enough for statistical comparison, both differences and mean equalities were identified, allowing ranking of technology clusters based on their average scores. We statistically demonstrated that sea-based systems outperform land-based technology in terms of energy demand and that sea-based systems have a generally higher FCR than land-based ones. Cross-study analytics also strongly suggest that open systems generate on average more eutrophying emissions than closed designs. We further discuss how to overcome bottlenecks currently hampering such LCA meta-analysis. Arguments are made in favor of further developing cross-study LCA analysis, particularly by increasing the number of salmonid LCA available (to improve sample sizes) and by reforming in-depth LCA practices to enable full reproducibility and greater access to inventory data.",11,9,2517,,Livestock; Environmental economics; Environmental impact assessment; Feed conversion ratio; Production (economics); Life-cycle assessment; Food sector; Computer science; Process (engineering); Sustainability; Analytics; Aquaculture,,,,,https://ideas.repec.org/a/gam/jsusta/v11y2019i9p2517-d227319.html http://www.diva-portal.org/smash/record.jsf?pid=diva2:1331258 https://ntnuopen.ntnu.no/ntnu-xmlui/handle/11250/2597124 https://www.mdpi.com/2071-1050/11/9/2517/pdf https://www.mdpi.com/2071-1050/11/9/2517 https://pubag.nal.usda.gov/catalog/6529484,http://dx.doi.org/10.3390/su11092517,,10.3390/su11092517,2943180300,,0,002-362-089-067-034; 003-000-132-949-533; 003-745-304-728-486; 004-375-469-628-716; 005-288-689-339-255; 007-654-373-278-708; 008-243-502-469-149; 008-715-138-395-165; 008-837-103-713-237; 009-041-897-734-867; 010-281-862-624-834; 012-086-308-913-179; 013-786-052-596-694; 013-986-918-348-955; 015-206-632-832-621; 015-691-872-267-344; 016-420-523-813-302; 018-411-365-022-246; 019-356-401-261-680; 021-447-339-399-691; 022-085-418-472-472; 023-394-031-865-082; 024-518-943-032-161; 024-634-178-957-48X; 026-826-110-855-670; 026-979-624-532-796; 028-894-371-422-248; 031-983-682-655-690; 033-243-517-882-848; 035-685-251-726-821; 038-633-979-099-474; 040-211-964-281-929; 040-990-737-613-407; 046-142-695-224-863; 048-531-725-771-588; 049-975-268-941-185; 052-447-323-175-444; 055-921-374-783-583; 056-293-577-198-677; 057-843-178-902-807; 060-532-069-691-203; 061-097-908-574-95X; 061-485-289-838-833; 063-670-733-420-298; 065-829-632-601-043; 068-346-737-809-871; 069-025-845-139-886; 069-343-597-698-593; 071-473-279-124-057; 073-177-258-950-495; 073-531-395-452-205; 076-002-806-278-789; 076-220-435-995-441; 076-269-703-731-037; 076-579-393-050-140; 076-920-277-325-676; 081-457-933-271-709; 083-590-597-466-632; 090-650-798-790-813; 100-196-699-240-30X; 101-351-289-551-774; 105-024-212-910-502; 105-680-814-233-92X; 106-634-944-746-730; 110-159-752-416-854; 111-774-055-604-236; 120-476-383-101-049; 125-494-513-571-016; 126-840-992-804-563; 129-756-641-376-672; 133-865-867-034-429; 134-885-658-762-678; 155-301-095-726-285; 155-657-551-570-964; 158-231-340-256-60X; 161-107-407-865-734; 162-215-312-530-91X; 171-747-439-009-586,57,true,cc-by,gold
033-441-052-695-352,Identification of research gaps for highly infectious diseases in aquaculture: The case of the endemic Piscirickettsia salmonis in the Chilean salmon farming industry,,2018,journal article,Aquaculture,00448486,Elsevier BV,Netherlands,Fernando O. Mardones; Felipe Paredes; Matías H. Medina; Alfredo Tello; Victor Valdivia; R. Ibarra; Juan A. Correa; Stefan Gelcich,,482,,211,220,Identification (biology); Government; Productivity; Piscirickettsia salmonis; Research center; Ecology (disciplines); Fishery; Sustainability; Biology; Aquaculture; Environmental planning,,,,Intesal-SalmonChile; National Fund for Scientific and Technological Development; CONICYT; MUSELS; FIE,https://researchers.unab.cl/es/publications/identification-of-research-gaps-for-highly-infectious-diseases-in https://europepmc.org/article/AGR/IND605837475 https://www.sciencedirect.com/science/article/pii/S0044848617301722,http://dx.doi.org/10.1016/j.aquaculture.2017.09.048,,10.1016/j.aquaculture.2017.09.048,2761771263,,0,000-543-046-217-995; 001-458-116-020-531; 002-720-139-448-458; 002-896-642-302-527; 004-255-808-008-188; 007-183-922-730-51X; 007-857-027-618-781; 010-783-218-030-322; 013-444-304-414-069; 014-816-392-335-248; 015-691-872-267-344; 019-841-488-429-149; 020-531-654-868-510; 023-247-083-074-741; 025-786-462-198-838; 027-310-383-739-367; 029-078-894-117-171; 032-561-758-511-05X; 032-903-589-917-928; 032-907-633-879-737; 036-784-572-680-73X; 036-896-621-777-578; 041-352-097-476-036; 045-012-191-346-267; 048-378-128-309-805; 051-275-682-667-745; 052-936-065-176-256; 053-323-082-855-415; 057-286-295-228-218; 060-445-493-981-984; 064-656-065-705-241; 073-437-154-859-329; 085-662-204-717-22X; 085-911-422-571-817; 098-361-545-084-419; 099-062-496-626-731; 103-895-283-613-637; 109-860-364-721-54X; 126-793-380-911-203; 127-162-412-597-286; 150-325-162-873-23X; 164-505-439-258-931; 179-402-327-063-059,40,false,,
034-250-206-625-360,Effects of pharmaceuticals used to treat salmon lice on non-target species: Evidence from a systematic review.,2018-08-28,2018,journal article,The Science of the total environment,18791026; 00489697,Elsevier,Netherlands,Mauricio A. Urbina; Juan Pablo Cumillaf; Kurt Paschke; Paulina Gebauer,,649,,1124,1136,Deltamethrin; Azamethiphos; Trout; Cypermethrin; Cage culture; Non target; After treatment; Biology; Aquaculture; Zoology,Azamethiphos; Crustaceans and non-target bivalves; Cypermethrin; Deltamethrin; Hydrogen peroxide; Salmon farming,"Animals; Antiparasitic Agents/toxicity; Aquaculture; Bivalvia/drug effects; Crustacea/drug effects; Water Pollutants, Chemical/toxicity","Antiparasitic Agents; Water Pollutants, Chemical",FIPA; Conicyt-Fondecyt; DI-Ulagos; FONDAP-IDEAL,https://www.ncbi.nlm.nih.gov/pubmed/30308884 http://www.sciencedirect.com/science/article/pii/S0048969718333059 http://ui.adsabs.harvard.edu/abs/2019ScTEn.649.1124U/abstract https://www.sciencedirect.com/science/article/pii/S0048969718333059 https://europepmc.org/article/MED/30308884 https://pubmed.ncbi.nlm.nih.gov/30308884/,http://dx.doi.org/10.1016/j.scitotenv.2018.08.334,30308884,10.1016/j.scitotenv.2018.08.334,2889369063,,0,002-614-837-634-478; 003-511-511-039-411; 003-811-144-992-933; 004-606-330-834-596; 004-915-937-642-602; 005-298-543-844-012; 007-189-119-178-938; 008-160-532-077-193; 009-379-191-888-07X; 009-635-162-514-917; 010-212-662-734-968; 010-344-514-139-651; 011-564-466-995-787; 012-523-834-791-784; 012-734-890-462-74X; 012-952-646-378-912; 013-603-542-487-808; 013-805-254-341-48X; 016-030-624-295-862; 016-672-556-554-627; 017-185-741-725-406; 018-501-319-278-389; 018-712-713-387-09X; 019-208-259-820-423; 020-392-829-090-249; 020-550-222-391-054; 020-923-079-878-490; 022-686-962-240-249; 022-791-553-827-780; 023-286-010-225-299; 023-441-472-431-289; 024-521-985-955-682; 024-582-406-310-898; 025-695-814-053-621; 028-783-997-222-772; 029-402-601-326-298; 029-766-659-293-836; 030-131-024-269-740; 031-038-059-901-179; 032-416-713-858-470; 032-719-541-492-035; 033-129-147-829-062; 035-388-521-669-329; 035-654-318-765-541; 038-617-655-581-627; 040-954-454-637-582; 042-979-844-676-927; 043-590-542-361-672; 044-147-883-051-373; 045-588-530-252-321; 045-836-420-459-591; 047-049-258-765-792; 048-292-625-158-529; 049-506-427-332-028; 052-092-631-842-739; 052-972-157-100-476; 056-732-789-245-692; 058-850-442-012-777; 060-481-506-094-355; 061-322-909-071-981; 068-172-092-202-96X; 069-096-722-522-955; 072-006-558-535-231; 072-576-569-472-058; 073-055-607-301-229; 074-214-049-762-099; 079-061-260-452-405; 080-875-299-138-50X; 083-172-148-798-226; 086-460-232-664-015; 088-505-084-665-823; 089-041-289-641-191; 090-756-440-387-507; 093-867-765-254-228; 093-939-445-372-532; 095-956-126-992-512; 099-465-904-892-016; 103-318-795-790-24X; 104-246-941-221-958; 104-611-575-247-957; 109-713-552-828-352; 111-696-896-252-318; 115-643-536-277-729; 116-861-964-301-328; 118-589-749-606-295; 118-808-850-278-879; 122-022-719-873-090; 123-087-975-814-464; 123-289-290-741-368; 139-437-293-569-658; 145-816-166-561-570; 155-489-260-287-501; 165-771-071-519-15X; 169-212-551-239-32X; 169-256-516-695-666; 172-714-595-719-972,66,false,,
040-248-691-358-773,"Prevalence of zoonotic bacteria in wild and farmed aquatic species and seafood: a scoping study, systematic review, and meta-analysis of published research.",2012-05-09,2012,journal article,Foodborne pathogens and disease,15567125; 15353141,Mary Ann Liebert Inc,United States,Nataša Tuševljak; Andrijana Rajić; Lisa Waddell; Lucie Dutil; Natalia Cernicchiaro; Judy Greig; Barbara Wilhelm; Wendy Wilkins; Sarah C. Totton; F. Carl Uhland; Brent P. Avery; Scott A. McEwen,"Abstract Increased reliance on seafood has brought to light concerns regarding food safety, but the information to inform risk assessment or surveillance needs is lacking. A scoping study (ScS) was conducted to characterize published research investigating selected zoonotic bacteria and public health topics in various wild and farmed aquatic species and seafood. This was followed by a systematic review (SR) on selected bacteria (Aeromonas spp., generic Escherichia coli, Salmonella spp., and Vibrio spp.) and aquatic species (clams, mussels, oysters, salmon, and shrimp [including prawn]); a meta-analysis (MA) was conducted only at the retail level due to considerable variability among various pathogen/seafood combinations. The ScS revealed the most frequently investigated themes were farm-level prevalence and intervention research for Vibrio spp. and Aeromonas spp. Antimicrobial use (AMU) and the association between AMU and antimicrobial resistance were rarely investigated. The SR indicated a consistent lac...",9,6,487,497,Prawn; Vibrio; Shrimp; Aeromonas; Salmonella; Fishery; Food safety; Biology; Zoology; Antibiotic resistance; Meta-analysis,,"Aeromonas/pathogenicity; Animals; Animals, Wild; Aquaculture; Bivalvia/growth & development; Decapoda/growth & development; Escherichia coli/pathogenicity; Foodborne Diseases/epidemiology; Humans; Prevalence; Risk; Salmon/growth & development; Salmonella/pathogenicity; Seafood/microbiology; Shellfish/microbiology; Vibrio/pathogenicity; Zoonoses/epidemiology",,,https://www.liebertpub.com/doi/10.1089/fpd.2011.1063 http://www.liebertpub.com/doi/10.1089/fpd.2011.1063 https://www.ncbi.nlm.nih.gov/pubmed/22571642,http://dx.doi.org/10.1089/fpd.2011.1063,22571642,10.1089/fpd.2011.1063,2079924555,,0,002-671-414-029-699; 007-131-500-073-885; 008-055-548-995-488; 010-706-292-816-121; 011-036-095-027-293; 015-094-695-844-298; 015-331-284-861-495; 016-527-210-639-657; 016-592-909-420-713; 018-334-109-548-429; 018-739-456-740-349; 025-620-985-565-721; 028-447-613-002-656; 036-746-807-094-333; 040-442-262-371-741; 041-627-500-093-845; 045-416-413-742-937; 050-785-382-146-503; 054-461-615-823-611; 055-362-870-152-133; 055-629-936-375-816; 056-836-249-765-546; 064-485-201-812-356; 069-145-112-540-687; 076-563-080-570-392; 080-729-512-647-720; 093-325-319-014-56X; 094-584-235-476-954; 099-239-103-248-858; 127-245-670-262-773; 131-912-725-444-314; 143-552-711-421-137; 164-979-246-230-785,36,false,,
048-547-380-296-289,Possible Use of Lumpfish to Control Caligus elongatus Infestation on Farmed Atlantic Salmon: A Mini Review,2020-09-02,2020,journal article,Journal of Ocean University of China,16725182; 19935021,Springer Science and Business Media LLC,China,Albert K. Imsland; Mette Remen; Karin Bloch-Hansen; Kjetil Sagerup; Remi Mathisen; Elisabeth A. Myklebust; Patrick Reynolds,,19,5,1133,1139,Infestation; Cleaner fish; Sea pen; Caligus elongatus; Northern norway; Mini review; Fishery; Biology,,,,,https://bora.uib.no/bora-xmlui/handle/11250/2766365 https://link.springer.com/article/10.1007/s11802-020-4466-5,http://dx.doi.org/10.1007/s11802-020-4466-5,,10.1007/s11802-020-4466-5,3082652245,,0,000-425-231-203-803; 001-121-389-051-399; 002-768-730-759-782; 005-282-479-093-990; 007-721-819-102-537; 008-158-349-684-128; 015-153-022-980-321; 017-838-398-726-713; 018-411-365-022-246; 021-750-307-522-829; 023-286-010-225-299; 029-816-659-076-690; 032-924-022-440-498; 037-656-222-570-055; 041-572-869-003-322; 052-972-157-100-476; 054-221-816-648-167; 059-194-289-090-077; 068-476-650-504-691; 069-464-750-313-807; 075-241-721-895-296; 083-117-463-862-679; 083-172-148-798-226; 093-701-769-199-393; 094-753-668-342-729; 098-938-937-453-264; 101-939-741-845-742; 105-828-398-750-079; 111-423-949-900-451; 146-942-257-075-184; 155-840-783-894-541; 180-970-499-700-959; 192-132-430-198-924,12,false,,
049-151-608-811-036,Prevalence and recurrence of escaped farmed Atlantic salmon (Salmo salar) in eastern North American rivers,,2008,journal article,Canadian Journal of Fisheries and Aquatic Sciences,0706652x; 12057533,Canadian Science Publishing,Canada,Matthew R. J. Morris; Dylan J. Fraser; Anthony J. HeggelinA.J. Heggelin; Frederick G. Whoriskey; Jonathan W. CarrJ.W. Carr; Shane F. O’NeilS.F. O’Neil; Jeffrey A. Hutchings,"Knowledge of the prevalence of escaped farmed fishes in the wild is an essential first step to assessing the risk resulting from interactions between farmed and wild fishes. This is especially important in eastern North America, where Atlantic salmon (Salmo salar) aquaculture occurs near wild Atlantic salmon rivers and where many wild salmon popula- tions are severely depressed. Here, we review the literature on the incidence of escaped farmed salmon in eastern North American rivers, for which there has been no comprehensive compilation to date. Escaped farmed salmon have been found in 54 of 62 (87%) rivers investigated within a 300 km radius of the aquaculture industry since 1984, including 11 rivers that contain endangered salmon populations. Averaged among all investigations, the proportional representation of farmed salmon among adults entering the rivers from the sea was 9.2% (range 0% to 100%). Where data were sufficient to exam- ine temporal trends, farmed salmon proportions varied considerably over time, suggesting that escape events are episodic in nature. We conclude that escaped farmed salmon are sufficiently prevalent in eastern North American rivers to pose a potentially serious risk to the persistence of wild salmon populations, especially in those rivers that are adjacent to existing aquaculture sites.",65,12,2807,2826,Fish farming; Endangered species; Range (biology); Geography; Salmo; Salmonidae; Aquaculture industry; Fishery; Aquaculture,,,,,https://www.nrcresearchpress.com/doi/10.1139/F08-181 https://cdnsciencepub.com/doi/full/10.1139/F08-181,http://dx.doi.org/10.1139/f08-181,,10.1139/f08-181,2114489713,,0,003-907-430-811-415; 005-142-405-058-258; 009-110-531-273-521; 009-745-594-480-316; 010-004-260-050-372; 012-125-512-981-194; 013-350-625-789-817; 013-515-567-054-865; 013-764-075-037-521; 013-798-631-566-834; 013-976-731-216-443; 014-828-145-580-201; 017-401-754-093-78X; 021-859-811-457-922; 022-206-792-655-648; 024-708-761-971-026; 025-021-501-421-410; 025-254-786-397-852; 025-876-887-018-918; 026-277-236-805-979; 026-353-737-324-673; 031-777-664-564-78X; 036-771-664-602-867; 041-492-847-077-515; 043-096-992-422-985; 047-907-929-181-340; 049-242-954-598-841; 049-393-424-229-115; 049-718-903-460-296; 051-260-633-120-995; 051-788-848-846-035; 053-616-863-533-477; 055-546-185-791-320; 057-123-065-676-73X; 058-407-140-869-760; 058-891-166-509-293; 066-629-763-919-019; 068-047-830-353-039; 068-544-633-295-631; 070-756-814-663-276; 072-200-983-353-032; 072-418-881-093-470; 072-791-409-420-795; 073-801-363-886-292; 078-626-486-293-928; 085-634-341-233-055; 086-184-883-096-885; 091-731-931-317-330; 101-056-872-391-075; 102-876-403-482-126; 105-681-099-165-79X; 118-333-269-246-690; 119-073-902-558-082; 122-579-223-972-245; 124-849-833-714-403; 129-656-471-695-049; 132-021-183-750-321; 133-208-639-948-819; 155-735-744-555-796; 175-231-782-320-038; 177-726-043-927-52X; 179-944-843-400-011; 189-076-693-960-202,66,false,,
053-840-119-208-314,How probiotics impact on immunological parameters in rainbow trout (Oncorhynchus mykiss)? A systematic review and meta-analysis,2021-06-20,2021,journal article,Reviews in Aquaculture,17535123; 17535131,Wiley,Australia,Ruhollah Rahimi; Seyedeh Atefeh Mirahmadi; Saeed Hajirezaee; Aziz A. Fallah,"<jats:title>Abstract</jats:title><jats:p>Probiotics are microbial cells with multifunctional properties including immunostimulatory function in their host. Today, probiotics are widely used for controlling diseases in aquaculture, especially for rainbow trout, <jats:italic>Oncorhynchus mykiss</jats:italic>, as the most important commercial cold‐water fish in the world. So far, many studies have been conducted on the effect of probiotics on the immune system of rainbow trout, but due to different experimental conditions, these results are different and sometimes inconsistent. Therefore, the aim of the present study was to perform a systematic review and meta‐analysis to eliminate inconsistencies and to clarify the results related to some immune parameters in rainbow trout. This study is the first meta‐analysis study of probiotic‐induced effects on the immune system of rainbow trout. In order to perform meta‐analysis, four Internet databases, PubMed, Scopus, ISI Web of Science and Google Scholar were systematically searched until 27/03/2020 and after receiving related articles, effect sizes related to 10 outcomes including serum and plasma lysozyme activity, ACH50 activity, Ig activity, serum complement activity, phagocytosis activity, serum total protein activity and respiratory burst activity were evaluated by SMD and Hedges' <jats:italic>g</jats:italic> statistic and 95% CI was calculated from a random effects model. The SYRCL’S risk of bias tool for animal study was also used to assess the quality of the studies. Meta‐analysis was performed for 36 studies by 499 experiments. The effect of probiotics on immunity components was as follows: serum lysozyme activity (<jats:italic>p</jats:italic> &lt; 0.05), plasma lysozyme activity (<jats:italic>p</jats:italic> &gt; 0.05), Serum ACH50 activity (<jats:italic>p</jats:italic> &lt; 0.05), Plasma ACH50 activity (<jats:italic>p</jats:italic> &lt; 0.05), serum immunoglobulin activity (<jats:italic>p</jats:italic> &lt; 0.05), plasma immunoglobulin activity (<jats:italic>p</jats:italic> &lt; 0.05), total serum protein activity (<jats:italic>p</jats:italic> &lt; 0.05), serum complement activity (<jats:italic>p</jats:italic> &lt; 0.05), phagocytic activity (<jats:italic>p</jats:italic> &lt; 0.05) and respiratory burst activity (<jats:italic>p</jats:italic> &gt; 0.05). In conclusion, the results of the present study showed that, except plasma lysozyme activity and burst activity, probiotics could enhance immune system of rainbow trout.</jats:p>",14,1,27,53,Salmonidae; Probiotic; Rainbow trout; Biology; Aquaculture; Zoology,,,,,https://onlinelibrary.wiley.com/doi/full/10.1111/raq.12582,http://dx.doi.org/10.1111/raq.12582,,10.1111/raq.12582,3176161005,,0,000-209-744-623-145; 001-063-339-116-243; 006-359-027-945-928; 006-549-004-459-609; 006-606-397-657-62X; 007-778-129-505-088; 008-192-569-596-217; 009-203-157-419-510; 009-814-469-087-60X; 010-560-402-893-306; 010-660-745-157-966; 011-677-216-866-369; 012-043-232-485-971; 018-013-701-887-617; 019-122-228-349-133; 022-193-541-223-066; 022-440-493-594-545; 024-061-098-428-291; 025-339-375-012-113; 026-190-484-845-337; 028-452-337-097-834; 029-789-830-661-793; 031-701-155-098-257; 032-042-627-410-174; 032-589-385-527-212; 032-648-363-298-364; 033-134-834-329-728; 033-974-852-227-639; 034-600-684-728-898; 034-866-131-400-700; 035-755-195-240-026; 035-772-765-420-876; 036-166-192-133-621; 037-462-315-474-745; 039-443-936-145-417; 040-331-829-959-924; 040-713-592-351-729; 042-898-070-717-646; 043-997-429-395-445; 044-349-137-940-318; 045-533-220-082-277; 046-785-991-679-538; 047-483-896-590-669; 048-334-694-946-177; 050-292-688-471-645; 052-326-261-199-764; 054-933-345-354-503; 056-222-975-336-838; 060-526-154-873-676; 067-816-702-097-04X; 067-877-407-323-664; 071-023-047-253-986; 072-190-414-873-189; 072-742-397-984-17X; 075-742-276-491-335; 075-948-408-144-516; 076-436-414-463-22X; 078-278-490-279-362; 080-729-512-647-720; 080-955-865-147-495; 082-431-160-900-999; 083-939-183-395-394; 084-203-631-779-776; 086-854-553-251-184; 091-690-505-148-708; 094-584-235-476-954; 096-923-546-462-396; 097-835-275-282-858; 098-169-896-370-492; 098-184-637-159-073; 099-239-103-248-858; 100-251-773-133-73X; 104-326-493-247-889; 105-812-361-250-496; 113-588-781-673-598; 115-591-005-281-33X; 131-100-729-868-25X; 132-873-936-614-149; 149-822-329-743-739; 152-089-713-276-804; 154-491-419-672-628; 160-892-062-924-996; 194-973-525-440-225,12,false,,
055-077-380-715-973,Applicability of a food chain analysis on aquaculture of Atlantic salmon to identify and monitor vulnerabilities and drivers of change for the identification of emerging risks: AQUARIUS project (OC/EFSA/SCER/2015/02) Final Report,,2019,journal article,EFSA Supporting Publications,23978325,Wiley,,Hans J.P. Marvin; Yamine Bouzembrak; Esther van Asselt; Nathan Meijer; Gijs Kleter; Grete Lorentzen; Lill Heidi Johansen,"The objective of Aquarius project was to test the applicability of a food chain analysis on Atlantic salmon farmed in Norway to identify and monitor vulnerabilities and drivers of change for the identification of emerging risks. To this end, a comprehensive literature review was conducted complemented with expert views collected by on-line questionnaires and in-depth interviews. This review provided an overview of the various stages in the supply chain from farm to consumer and the identification of i) existing and emerging human and animal health hazards, ii) vulnerabilities, iii) control measures, iv) drivers of change, and v) related indicators. Next step in the study was to i) complement the list of vulnerabilities followed by a prioritisation using focus group discussions and Failure Mode and Effect Analysis (FMEA) method and ii) link drivers of change acting upon the (prioritised) vulnerabilities and identification of associated indicators and data sources by means of a Delphi method. Based on the experiences obtained with the different methodologies during this project, the Aquarius team considers literature review, and a direct face-to-face interaction with experts (in-depth interviews, focus group discussions and FMEA in a workshop setting) as being most effective regarding output and effort. The comprehensive information collected formed the basis for the methodology to baseline key indicators of the selected vulnerabilities. The methodology proposed comprised a Bayesian Network (BN) that links data sources for indicators and drivers of change to the prioritised vulnerabilities and was demonstrated for salmon health. A Decision Support System (DSS) with such BN integrated was designed. The current BN and DSS could flag an increased exposure of known hazards that may occur due to changes in indicators but new hazards are not identified. The proposed methodology could be used instead to show trends in vulnerabilities, indicators, increased exposure of known hazards and for scenario studies.",16,7,,,Decision support system; Supply chain; Baseline (configuration management); Food chain; Process management; Bayesian network; Computer science; Focus group; Delphi method; Identification (information),,,,,http://efsa.onlinelibrary.wiley.com/doi/10.2903/sp.efsa.2019.EN-1619 https://research.wur.nl/en/publications/applicability-of-a-food-chain-analysis-on-aquaculture-of-atlantic https://efsa.onlinelibrary.wiley.com/doi/10.2903/sp.efsa.2019.EN-1619 https://www.narcis.nl/publication/RecordID/oai%3Alibrary.wur.nl%3Awurpubs%2F559181,http://dx.doi.org/10.2903/sp.efsa.2019.en-1619,,10.2903/sp.efsa.2019.en-1619,2957303644,,0,000-037-297-212-978; 000-082-902-611-516; 000-123-600-193-134; 000-177-092-986-173; 000-262-705-225-534; 000-647-138-070-448; 000-824-437-520-319; 001-094-237-285-830; 001-504-359-352-076; 001-815-349-709-56X; 001-826-658-552-379; 001-922-227-161-712; 002-428-522-282-990; 002-435-011-132-400; 002-447-328-741-739; 002-568-034-581-427; 002-957-247-793-035; 003-243-112-260-540; 003-799-876-915-66X; 003-857-095-436-132; 004-351-919-718-166; 004-617-505-582-081; 004-645-966-561-468; 004-993-811-612-209; 005-574-036-837-81X; 006-403-917-269-576; 006-537-740-263-446; 006-611-495-422-222; 006-790-476-741-953; 006-819-394-031-858; 007-855-587-887-972; 008-069-666-181-327; 008-191-448-386-833; 008-258-280-229-837; 008-530-144-245-277; 009-045-361-175-946; 009-188-567-696-841; 009-379-102-669-140; 009-676-107-512-194; 009-706-022-015-388; 009-741-383-548-204; 009-903-246-368-492; 010-250-493-792-274; 010-273-617-829-887; 010-274-697-233-008; 010-302-836-821-391; 010-555-008-145-370; 010-783-218-030-322; 010-803-686-955-727; 010-816-240-849-164; 010-949-113-764-802; 010-966-656-764-029; 011-257-673-884-326; 011-299-132-032-580; 011-496-352-255-471; 012-363-205-301-21X; 012-507-078-388-593; 012-878-146-500-894; 013-032-167-272-824; 013-287-339-681-697; 013-612-678-126-82X; 014-030-414-024-164; 015-004-434-486-785; 015-224-485-605-62X; 015-647-551-753-562; 015-894-528-319-643; 016-042-543-004-363; 016-064-433-692-887; 016-162-534-096-485; 016-471-464-517-393; 016-474-969-618-652; 016-616-371-863-558; 017-084-360-452-851; 017-793-542-905-702; 017-838-398-726-713; 017-841-325-372-472; 017-849-258-059-801; 018-220-663-746-478; 019-468-161-437-320; 019-703-694-868-008; 019-706-757-416-919; 019-935-456-936-346; 020-164-953-153-433; 020-407-042-440-38X; 020-891-347-337-540; 020-923-079-878-490; 020-970-910-342-740; 021-045-405-109-014; 021-292-728-880-071; 021-536-400-388-823; 021-774-588-729-637; 021-805-272-253-387; 022-687-691-048-97X; 023-074-750-881-908; 023-292-666-834-805; 023-325-253-543-645; 024-041-895-894-086; 024-400-169-560-323; 024-639-243-856-46X; 025-326-942-260-170; 025-983-042-439-108; 026-174-709-734-081; 026-219-654-885-160; 026-307-958-237-496; 026-316-183-615-168; 026-346-377-007-15X; 026-716-087-383-603; 026-885-575-188-097; 027-385-815-210-982; 027-707-703-417-304; 027-801-838-103-602; 028-586-515-083-755; 029-218-541-892-174; 029-343-225-303-043; 029-467-760-191-025; 029-771-394-434-15X; 029-915-320-933-407; 030-505-405-993-322; 030-793-616-470-387; 030-884-055-351-890; 031-637-272-058-541; 031-661-578-028-783; 032-140-516-242-031; 032-698-295-459-300; 032-917-431-022-144; 033-473-897-657-848; 033-515-006-822-057; 033-621-989-240-048; 033-707-968-346-465; 033-784-490-551-169; 033-902-719-421-966; 034-597-497-126-74X; 034-736-821-905-68X; 034-805-546-393-769; 035-242-657-997-661; 035-535-199-721-930; 035-556-979-805-214; 035-654-318-765-541; 035-655-733-609-065; 036-062-170-714-752; 036-410-295-232-51X; 036-431-117-947-216; 036-747-605-060-068; 037-772-699-361-216; 037-932-057-632-352; 038-060-680-404-168; 038-132-441-092-478; 038-480-265-509-828; 038-953-846-899-948; 039-122-368-921-782; 039-247-780-572-907; 039-352-558-406-697; 039-556-435-481-86X; 039-739-032-831-37X; 039-784-711-131-095; 040-248-691-358-773; 040-347-037-626-239; 040-669-580-115-088; 041-846-045-368-965; 041-846-669-543-573; 041-871-655-890-851; 042-807-506-577-642; 043-003-726-904-492; 043-076-894-265-05X; 043-109-868-589-673; 043-133-074-490-452; 043-753-723-351-995; 043-836-634-230-466; 044-596-652-032-339; 044-684-131-927-831; 044-973-625-135-763; 045-079-202-524-812; 045-092-103-657-755; 045-476-333-524-731; 045-622-690-527-423; 045-749-840-905-927; 046-352-083-973-586; 046-431-716-373-894; 046-579-950-681-490; 046-599-540-218-186; 047-053-269-662-547; 047-065-669-652-768; 047-133-732-142-229; 048-480-144-114-70X; 049-908-847-271-665; 050-516-079-150-731; 050-793-288-493-39X; 052-247-441-515-239; 052-764-573-523-287; 052-936-065-176-256; 053-309-031-967-272; 053-361-879-084-539; 053-652-445-432-559; 054-558-797-293-404; 054-834-963-281-950; 055-036-473-251-724; 055-374-826-079-926; 055-476-266-123-657; 055-607-069-536-898; 055-790-563-055-369; 055-797-525-691-585; 055-969-208-778-28X; 056-602-488-858-537; 056-925-653-764-590; 057-298-675-515-380; 057-766-115-289-789; 058-017-604-421-427; 058-091-581-136-628; 058-184-522-561-328; 059-416-616-675-322; 059-570-096-180-814; 060-445-493-981-984; 060-737-996-506-987; 060-811-286-251-273; 061-097-908-574-95X; 062-187-960-291-784; 062-263-859-825-149; 063-654-060-512-162; 064-628-421-500-579; 064-865-081-803-766; 065-082-846-899-890; 065-317-754-186-133; 065-539-398-040-325; 065-997-035-540-716; 069-143-399-224-729; 069-671-770-384-137; 070-019-532-714-346; 070-039-569-631-163; 070-190-109-325-79X; 070-810-897-199-695; 071-255-157-244-274; 071-597-173-228-08X; 071-628-671-291-195; 072-984-619-768-336; 073-437-154-859-329; 073-800-427-022-211; 074-020-258-550-150; 074-543-168-566-231; 075-733-599-562-738; 076-229-781-669-244; 076-320-080-995-853; 076-409-380-879-337; 076-808-974-957-249; 078-757-027-885-019; 078-831-467-251-549; 080-712-954-102-428; 081-128-608-895-06X; 082-206-797-678-618; 082-383-278-841-791; 083-598-772-501-690; 086-047-972-227-508; 088-176-825-838-53X; 088-185-868-206-844; 090-344-986-211-30X; 090-458-011-396-792; 090-707-577-195-089; 090-810-676-541-966; 090-883-489-749-435; 091-560-044-974-656; 092-679-645-450-799; 092-817-879-653-268; 093-145-997-968-313; 093-621-346-336-157; 093-802-275-348-291; 094-159-224-336-422; 094-538-592-923-364; 094-584-235-476-954; 094-599-229-396-706; 094-768-409-524-44X; 095-498-642-146-00X; 095-663-221-269-50X; 097-262-915-130-508; 097-551-660-327-042; 098-677-200-651-175; 099-925-805-822-893; 100-403-066-087-658; 100-498-446-592-511; 102-189-780-582-849; 102-240-491-082-152; 102-527-803-555-253; 102-657-517-735-494; 102-879-253-627-038; 102-912-200-770-406; 103-491-965-196-112; 103-905-489-817-973; 105-796-246-970-730; 106-263-764-911-970; 106-420-556-448-439; 107-310-480-670-445; 107-362-112-311-662; 107-944-439-057-838; 107-995-280-107-521; 108-170-583-037-575; 108-797-073-165-496; 110-226-991-483-63X; 110-945-663-924-02X; 113-545-709-595-708; 114-467-400-805-450; 114-839-655-167-328; 115-454-780-350-745; 115-605-376-012-82X; 116-316-994-982-714; 118-102-554-932-51X; 118-642-672-789-459; 118-870-802-799-415; 120-260-488-790-933; 120-402-035-318-813; 120-529-215-540-540; 120-589-335-364-355; 120-589-599-422-205; 120-874-237-942-062; 121-443-762-414-550; 121-955-356-956-804; 122-802-006-090-165; 123-637-848-421-143; 123-925-089-937-793; 124-376-245-780-60X; 125-215-194-878-226; 125-277-559-545-71X; 126-721-558-892-749; 128-908-501-219-062; 130-504-418-282-897; 130-706-527-423-789; 131-834-296-432-583; 131-876-961-412-810; 132-005-090-927-490; 132-191-794-450-768; 133-937-842-466-161; 134-635-105-199-342; 135-988-334-723-347; 136-904-343-053-934; 138-976-452-050-324; 140-128-947-605-838; 140-761-420-627-022; 141-767-269-540-090; 143-412-454-181-405; 145-164-150-875-478; 146-890-045-241-214; 149-575-747-079-898; 150-413-048-968-390; 150-918-945-255-570; 152-213-656-506-647; 153-980-363-670-674; 154-037-199-054-667; 155-775-589-703-125; 155-881-609-497-285; 158-085-820-173-94X; 164-314-115-924-705; 168-398-386-033-695; 168-415-826-150-273; 170-317-899-004-771; 173-114-258-835-97X; 173-598-895-641-514; 174-351-425-963-502; 175-491-975-354-307; 185-813-207-573-082; 187-575-115-380-453; 188-187-066-505-396; 193-946-798-638-78X,4,true,implied-oa,gold
070-655-896-411-482,Review of applying material flow analysis-based studies for a sustainable Norwegian Salmon aquaculture industry,2019-09-25,2019,journal article,Journal of Applied Aquaculture,10454438; 15450805,Informa UK Limited,United States,Moh'd Hasan Moh'd Abualtaher; Eirin Marie Skjøndal Bar,"Since its beginning in the early 70thies, the fast growing Atlantic salmon aquaculture industry in Norway has been and still is an object for research across numerous disciplines and research field...",32,1,1,15,Environmental resource management; Material flow analysis; Field (geography); Salmon aquaculture; Sustainable development; Norwegian; Biology; Aquaculture,,,,,https://www.tandfonline.com/doi/full/10.1080/10454438.2019.1670769 https://ntnuopen.ntnu.no/ntnu-xmlui/handle/11250/2624045 https://pubag.nal.usda.gov/catalog/6818321,http://dx.doi.org/10.1080/10454438.2019.1670769,,10.1080/10454438.2019.1670769,2977081800,,0,002-362-089-067-034; 013-986-918-348-955; 023-284-929-904-458; 026-906-684-001-834; 029-414-139-733-851; 030-862-092-365-75X; 035-473-447-576-074; 035-685-251-726-821; 035-760-824-590-536; 039-810-607-227-106; 045-877-793-518-743; 049-735-007-682-346; 052-447-323-175-444; 053-225-606-139-649; 057-843-178-902-807; 059-505-810-656-664; 064-284-235-545-136; 083-416-969-944-68X; 085-800-998-194-75X; 086-692-392-974-891; 090-359-117-958-93X; 096-387-059-683-419; 100-196-699-240-30X; 102-562-342-201-922; 105-273-977-255-850; 111-515-090-819-973; 129-712-940-712-336; 149-399-074-702-939; 173-114-258-835-97X; 175-491-975-354-307; 197-911-569-536-523,11,true,cc-by-nc-nd,hybrid
077-121-313-858-601,Prevention not cure: a review of methods to avoid sea lice infestations in salmon aquaculture,2020-06-24,2020,journal article,Reviews in Aquaculture,17535123; 17535131,Wiley,Australia,Luke T. Barrett; Frode Oppedal; Nicholas Robinson; Tim Dempster,"The Atlantic salmon aquaculture industry still struggles with ectoparasitic sea lice despite decades of research and development invested into louse removal methods. In contrast, methods to prevent infestations before they occur have received relatively little research effort, yet may offer key benefits over treatment‐focused methods. Here, we summarise the range of potential and existing preventative methods, conduct a meta‐analysis of studies trialling the efficacy of existing preventative methods and discuss the rationale for a shift to the prevention‐focused louse management paradigm. Barrier technologies that minimise host–parasite encounter rates provide the greatest protection against lice, with a weighted median 76% reduction in infestation density in cages with plankton mesh ‘snorkels’ or ‘skirts’, and up to a 100% reduction for fully enclosed cages. Other methods such as geographic spatiotemporal management, manipulation of swimming depth, functional feeds, repellents and host cue masking can drive smaller reductions that may be additive when used in combination with barrier technologies. Finally, ongoing development of louse‐resistant salmon lineages may lead to long‐term improvements if genetic gain is maintained, while the development of an effective vaccine remains a key target. Preventative methods emphasise host resistance traits while simultaneously reducing host–parasite encounters. Effective implementation has the potential to dramatically reduce the need for delousing and thus improve fish welfare, productivity and sustainability in louse‐prone salmon farming regions.",12,4,2527,2543,Peer review; Sea louse; Louse; Fish <Actinopterygii>; Louse infestation; Salmon aquaculture; Fishery; Sustainability; Biology; Aquaculture,,,,Norges Forskningsråd,https://minerva-access.unimelb.edu.au/bitstream/handle/11343/275941/10.1111-raq.12456.pdf https://findanexpert.unimelb.edu.au/scholarlywork/1454504-prevention-not-cure--a-review-of-methods-to-avoid-sea-lice-infestations-in-salmon-aquaculture https://onlinelibrary.wiley.com/doi/10.1111/raq.12456 https://nofima.brage.unit.no/nofima-xmlui/handle/11250/2660949,http://dx.doi.org/10.1111/raq.12456,,10.1111/raq.12456,3037411217,,0,000-930-663-959-409; 001-811-294-453-684; 001-820-962-525-28X; 001-988-943-977-300; 002-552-759-486-13X; 003-266-098-873-149; 003-670-223-454-424; 003-811-144-992-933; 004-522-775-326-684; 006-697-588-018-931; 008-243-502-469-149; 008-355-538-196-628; 009-047-615-753-195; 013-195-259-521-310; 013-852-936-421-833; 014-014-128-115-25X; 014-075-135-942-412; 014-110-490-176-08X; 014-529-953-773-722; 015-193-502-688-06X; 015-844-159-221-484; 017-297-781-619-647; 017-701-116-441-465; 017-838-398-726-713; 018-411-365-022-246; 018-550-182-110-884; 018-641-262-417-513; 019-703-694-868-008; 019-979-534-946-596; 020-923-079-878-490; 020-980-950-118-953; 025-136-849-282-984; 026-193-073-361-42X; 027-641-668-221-138; 027-846-484-896-607; 028-117-387-006-509; 028-261-055-449-502; 029-750-459-108-011; 032-027-941-618-111; 032-135-186-058-496; 032-423-358-073-147; 032-924-022-440-498; 033-422-810-890-234; 033-760-943-599-821; 034-679-416-003-836; 035-237-760-626-344; 035-377-516-864-492; 035-469-748-140-90X; 035-563-032-314-469; 035-654-318-765-541; 035-942-822-242-56X; 036-844-383-282-865; 037-804-532-085-09X; 042-035-716-717-554; 042-714-769-756-420; 044-782-951-090-845; 046-005-216-321-99X; 047-186-205-831-136; 047-430-507-421-898; 047-489-360-003-902; 048-941-847-832-408; 049-488-368-975-413; 050-717-494-111-423; 053-898-063-211-718; 053-901-947-578-19X; 055-272-508-407-309; 055-299-397-699-280; 056-014-435-851-189; 059-219-994-527-295; 060-389-539-134-999; 061-536-554-683-703; 063-099-305-792-220; 064-663-868-078-697; 067-167-778-181-486; 068-476-650-504-691; 068-772-332-080-607; 071-708-639-534-759; 074-972-968-555-392; 076-320-080-995-853; 076-379-150-506-709; 076-914-850-737-964; 081-270-406-043-333; 081-413-045-818-441; 082-011-345-443-99X; 082-983-525-836-789; 083-296-635-747-316; 083-627-276-733-345; 083-651-917-795-870; 087-156-041-875-40X; 087-769-990-231-069; 090-630-310-803-652; 090-980-532-776-020; 091-748-073-729-224; 093-273-301-650-128; 094-170-775-572-701; 095-285-571-207-880; 096-060-160-041-213; 096-740-450-461-880; 097-362-026-297-058; 098-504-484-373-81X; 099-750-136-225-909; 100-796-617-308-550; 102-815-796-856-520; 103-318-795-790-24X; 104-388-126-771-914; 104-990-523-581-104; 105-796-246-970-730; 105-979-024-733-133; 106-418-992-215-129; 111-428-521-447-943; 114-135-705-043-150; 114-224-463-956-620; 114-397-239-163-875; 114-985-432-148-272; 117-023-255-137-821; 119-221-932-332-801; 120-308-793-132-638; 128-414-047-131-828; 132-930-731-305-092; 134-424-254-807-751; 136-170-869-563-736; 136-534-749-734-224; 139-477-347-728-957; 144-217-789-912-110; 146-800-335-179-488; 153-132-014-932-101; 163-466-377-160-211; 165-779-075-394-960; 166-101-425-329-921; 166-107-496-469-179; 170-070-636-106-889; 171-767-154-010-477,93,true,,green
077-479-107-495-64X,'Offshore' salmon aquaculture and identifying the needs for environmental regulation,,2022,journal article,Aquaculture,00448486,Elsevier BV,Netherlands,Lauren Watson; Lynne Falconer; Trine Dale; Trevor C. Telfer,,546,,737342,,Agriculture; CLARITY; Salmo; Constraint (mathematics); Offshore aquaculture; Corporate governance; Computer-assisted web interviewing; Biology; Aquaculture; Environmental planning,,,,,https://www.sciencedirect.com/science/article/pii/S004484862101005X https://www.storre.stir.ac.uk/handle/1893/33113 https://dspace.stir.ac.uk/handle/1893/33113?mode=full,http://dx.doi.org/10.1016/j.aquaculture.2021.737342,,10.1016/j.aquaculture.2021.737342,3193878270,,0,005-288-689-339-255; 005-988-255-304-765; 017-300-737-144-757; 017-782-651-891-895; 017-854-092-233-502; 028-870-872-411-698; 030-395-286-793-330; 033-516-086-560-652; 035-768-336-941-735; 035-994-228-309-172; 036-271-890-921-718; 039-666-097-368-553; 049-110-668-125-07X; 051-522-884-686-747; 052-955-617-481-296; 055-176-382-384-905; 056-314-997-160-085; 066-513-647-500-89X; 070-247-969-706-976; 071-192-312-814-500; 082-592-398-780-883; 083-275-795-865-394; 084-420-354-816-161; 112-292-475-511-989; 119-442-811-292-718; 125-083-601-772-567; 153-540-213-454-707; 158-699-650-607-376; 164-241-623-177-350,15,false,,
084-962-057-957-335,In lumpfish We Trust? The Efficacy of Lumpfish Cyclopterus lumpus to Control Lepeophtheirus salmonis Infestations on Farmed Atlantic Salmon: A Review,2022-08-25,2022,journal article,Fishes,24103888,MDPI AG,,Albert Kjartan Dagbjartarson Imsland; Patrick Reynolds,"<jats:p>In this review, we have systematized current knowledge about the effect of stocking lumpfish (Cyclopterus lumpus) as cleaner fish to control Lepeophtheirus salmonis infestations on farmed Atlantic salmon (Salmo salar L.). The review was prompted by recent reports in which the usefulness of lumpfish has been doubted, and the urgent need to investigate whether common lumpfish can be used to reduce L. salmonis numbers on farmed Atlantic salmon by active grazing on this species. Available published data clearly indicate that lumpfish graze on L. salmonis, and can significantly lower the lice burden in Atlantic salmon farming. It is possible to enhance the lice grazing behavior of lumpfish with the assistance of live feed conditioning prior to sea pen transfer, and with selective breeding. Data indicate that lice grazing of lumpfish is size dependent, and grazing effect is low for lumpfish larger than 200–250 g. Observations from large-scale rearing of Atlantic salmon in open sea cages in Norway, Iceland, the Faroe Islands, and Scotland also indicate that lumpfish can be effective in lowering infestations of L. salmonis on salmon. Overall, this present review reveals that lumpfish can actively contribute to lower numbers of L. salmonis on farmed Atlantic salmon.</jats:p>",7,5,220,220,Lepeophtheirus; Salmo; Fishery; Biology; Aquaculture; Stocking; Grazing; Ecology; Fish <Actinopterygii>,,,,Norwegian Seafood Research Found; Norwegian Seafood Research Found; Icelandic Research Council,https://www.mdpi.com/2410-3888/7/5/220/pdf?version=1661487472 https://doi.org/10.3390/fishes7050220 https://bora.uib.no/bora-xmlui/bitstream/11250/3038385/1/fishes-07-00220-v2.pdf https://hdl.handle.net/11250/3038385,http://dx.doi.org/10.3390/fishes7050220,,10.3390/fishes7050220,,,0,000-332-453-657-277; 000-425-231-203-803; 001-501-146-412-748; 002-768-730-759-782; 005-282-479-093-990; 008-158-349-684-128; 012-982-158-028-451; 015-153-022-980-321; 017-838-398-726-713; 018-411-365-022-246; 019-983-271-449-476; 021-750-307-522-829; 023-286-010-225-299; 023-452-953-886-384; 032-135-186-058-496; 032-924-022-440-498; 034-597-497-126-74X; 035-469-748-140-90X; 036-844-383-282-865; 039-007-406-574-096; 041-572-869-003-322; 042-467-655-254-38X; 048-547-380-296-289; 050-717-494-111-423; 051-390-249-148-980; 052-972-157-100-476; 054-221-816-648-167; 056-503-238-091-835; 059-194-289-090-077; 060-694-895-436-628; 063-092-962-900-568; 065-018-321-114-601; 068-476-650-504-691; 069-464-750-313-807; 072-723-297-318-678; 076-813-435-678-415; 081-633-218-649-303; 083-188-677-904-473; 083-296-635-747-316; 091-352-647-786-172; 094-753-668-342-729; 098-938-937-453-264; 101-939-741-845-742; 104-990-523-581-104; 105-828-398-750-079; 130-865-183-732-278; 132-708-862-694-465; 135-838-890-800-864; 146-942-257-075-184; 163-466-377-160-211; 171-418-946-310-552; 180-970-499-700-959,21,true,cc-by,gold
104-138-430-057-297,Advances in salmonid fish immunology: A review of methods and techniques for lymphoid tissue and peripheral blood leucocyte isolation and application,2019-10-08,2019,journal article,Fish & shellfish immunology,10959947; 10504648,Elsevier BV,United States,Ronald Lulijwa; Andrea C. Alfaro; Fabrice Merien; Jill Meyer; Tim Young,,95,,44,80,Innate immune system; Immunology; Salmo; Immunity; Rainbow trout; Flow cytometry; Biology; Aquaculture; Immune system; Respiratory burst,Farmed salmon; Head kidney leucocytes; Immunology; Leucocyte isolation; Peripheral blood leucocytes,"Animals; Aquaculture; Cell Line; Centrifugation, Density Gradient; Diet/veterinary; Flow Cytometry; Head Kidney/cytology; Immunologic Techniques; Leukocytes/immunology; Lymphoid Tissue/cytology; Oncorhynchus mykiss/immunology; Phagocytosis; Salmo salar/immunology",,Auckland University of Technology; AUT,https://pubmed.ncbi.nlm.nih.gov/31604150/ http://europepmc.org/article/MED/31604150 https://pubag.nal.usda.gov/catalog/6722517 https://www.ncbi.nlm.nih.gov/pubmed/31604150 https://www.sciencedirect.com/science/article/pii/S1050464819309659,http://dx.doi.org/10.1016/j.fsi.2019.10.006,31604150,10.1016/j.fsi.2019.10.006,2980223901,,0,000-531-058-796-009; 000-734-190-330-951; 000-828-794-668-942; 000-861-111-941-431; 000-930-663-959-409; 000-950-889-754-949; 001-018-218-332-641; 001-316-526-965-841; 001-889-714-324-687; 001-903-999-481-851; 002-399-610-096-856; 003-111-998-187-834; 003-611-707-199-503; 004-135-852-879-398; 004-756-321-990-558; 004-848-391-369-167; 005-083-064-589-909; 005-281-594-479-819; 006-029-626-130-964; 006-420-917-570-355; 006-466-404-130-702; 006-796-101-703-915; 007-331-433-974-259; 007-628-594-079-439; 008-086-606-620-986; 008-294-404-937-623; 008-415-369-684-111; 008-545-875-828-902; 008-762-558-402-634; 009-370-685-017-812; 009-590-141-495-423; 009-668-853-879-916; 009-857-823-808-597; 009-881-665-702-956; 010-059-541-116-567; 010-108-776-126-864; 010-238-638-111-678; 012-131-834-311-565; 012-434-141-654-512; 012-583-641-120-823; 013-157-063-438-075; 013-706-743-249-242; 014-940-581-729-340; 015-867-836-638-917; 016-668-949-063-560; 017-477-547-127-44X; 017-625-855-707-325; 017-666-361-896-403; 017-783-798-882-832; 018-525-419-287-705; 019-241-100-859-46X; 019-802-498-782-841; 019-824-945-670-903; 020-476-427-441-817; 020-659-916-186-644; 020-710-700-559-326; 021-433-520-693-265; 022-193-541-223-066; 023-107-439-850-074; 023-205-219-245-795; 023-239-691-102-347; 023-418-495-760-83X; 023-811-660-719-760; 024-122-928-181-280; 024-287-954-241-73X; 024-802-761-926-357; 024-815-409-732-927; 025-091-517-746-766; 025-517-941-798-608; 025-614-502-392-918; 025-701-034-044-87X; 025-792-322-463-67X; 027-255-019-693-658; 027-292-365-542-425; 027-303-134-077-942; 027-900-465-759-302; 028-452-337-097-834; 028-812-903-516-041; 029-110-676-469-280; 029-234-726-765-710; 029-447-375-871-157; 029-484-279-489-241; 029-789-830-661-793; 030-676-466-046-499; 030-788-978-402-924; 030-837-491-360-062; 031-701-155-098-257; 032-023-848-276-876; 032-042-627-410-174; 032-185-209-366-068; 032-322-603-518-857; 033-535-563-636-204; 033-902-712-350-915; 033-966-041-498-996; 034-602-564-268-144; 035-215-179-748-279; 035-785-051-612-377; 035-920-227-849-351; 036-019-220-218-682; 036-284-383-843-332; 036-365-379-745-347; 037-059-785-145-487; 037-616-668-696-684; 037-669-957-473-240; 038-018-060-376-38X; 039-733-921-190-915; 039-744-524-265-948; 040-112-914-415-075; 040-637-304-998-80X; 041-300-892-010-900; 041-605-322-791-677; 041-620-085-002-878; 042-103-994-738-736; 042-311-841-105-600; 042-837-913-840-345; 043-076-894-265-05X; 044-195-170-107-724; 044-394-923-579-868; 045-857-495-682-82X; 046-479-632-171-702; 046-579-706-225-469; 046-904-629-348-479; 047-086-583-014-039; 048-049-702-100-719; 048-096-984-543-922; 048-099-441-810-805; 048-691-617-768-747; 049-777-704-806-40X; 051-657-369-738-408; 054-933-345-354-503; 054-943-609-170-142; 055-046-479-883-772; 055-958-734-444-753; 057-122-284-731-562; 057-669-220-281-581; 057-742-041-512-32X; 057-777-180-036-335; 058-454-292-121-024; 059-366-858-848-983; 059-599-493-351-938; 060-106-640-666-68X; 060-445-493-981-984; 061-943-956-942-411; 062-301-659-219-181; 062-774-069-248-732; 064-442-107-147-353; 066-722-913-341-328; 067-291-073-679-127; 067-413-660-677-09X; 067-877-407-323-664; 069-166-791-991-887; 069-577-871-253-725; 069-615-100-102-106; 070-348-927-648-520; 071-019-256-696-44X; 073-149-748-894-467; 073-151-331-365-036; 074-465-926-748-202; 074-969-175-756-082; 076-008-187-819-917; 076-362-338-552-028; 078-859-766-343-835; 079-193-624-294-458; 079-455-289-124-394; 079-570-559-910-082; 079-925-224-485-678; 079-948-276-668-275; 080-075-622-883-054; 080-259-659-010-51X; 080-640-974-522-825; 082-019-581-251-160; 083-981-115-398-744; 084-235-216-328-51X; 084-266-722-221-186; 085-208-085-357-099; 086-451-194-969-680; 088-278-809-617-566; 089-041-886-594-100; 089-194-791-693-760; 090-409-240-029-223; 090-428-461-293-005; 091-893-245-392-244; 092-718-419-570-185; 093-614-210-474-475; 095-944-537-340-772; 098-319-145-061-542; 098-958-798-578-558; 101-381-192-163-780; 103-602-048-454-259; 106-826-491-470-917; 107-733-044-618-637; 109-132-175-235-715; 109-927-672-465-537; 110-346-444-714-909; 110-792-224-740-996; 110-940-549-113-87X; 111-353-351-034-711; 112-757-956-728-254; 113-680-673-842-720; 114-378-545-972-546; 118-634-404-866-729; 120-975-145-398-250; 121-044-339-302-545; 122-120-803-722-040; 122-377-605-976-932; 127-713-494-677-041; 132-236-593-616-190; 138-766-695-186-650; 139-383-416-162-17X; 140-110-496-888-406; 143-195-019-572-796; 144-856-677-604-579; 155-449-452-690-737; 171-221-239-758-981; 177-850-660-469-235; 188-762-815-886-789,22,false,,
104-500-985-264-643,Is sediment deposition the dominant fate of oxytetracycline used in marine salmonid farms: a review of available evidence,,1996,journal article,Aquaculture,00448486,Elsevier BV,Netherlands,Pete Smith,,146,3-4,157,169,Animal science; Fish farming; Ecology; Oxytetracycline; Environmental modelling; Sediment; Marine fish; Sediment concentration; Empirical data; Deposition (geology); Biology,,,,,https://www.sciencedirect.com/science/article/pii/S0044848696013828,http://dx.doi.org/10.1016/s0044-8486(96)01382-8,,10.1016/s0044-8486(96)01382-8,2058152229,,0,009-494-856-304-467; 009-869-648-707-18X; 017-276-945-830-826; 027-892-979-468-521; 051-755-829-847-410; 055-937-444-471-232; 059-571-237-826-573; 063-966-490-888-672; 066-410-455-853-058; 069-506-881-667-624; 098-468-906-938-767; 100-889-757-554-174; 102-771-627-856-149; 112-047-789-103-436; 116-634-211-122-966; 142-811-764-913-765,33,false,,
128-623-778-843-141,Assessment of animal diseases caused by bacteria resistant to antimicrobials: kept fish species.,2022-02-02,2022,journal article,EFSA journal. European Food Safety Authority,18314732,,United States,null null; Søren Saxmose Nielsen; Dominique Joseph Bicout; Paolo Calistri; Elisabetta Canali; Julian Ashley Drewe; Bruno Garin-Bastuji; Jose Luis Gonzales Rojas; Christian Gortazar Schmidt; Mette Herskin; Virginie Michel; Miguel Angel Miranda Chueca; Barbara Padalino; Paolo Pasquali; Helen Clare Roberts; Hans Spoolder; Karl Stahl; Antonio Velarde; Arvo Viltrop; Christoph Winckler; Jeroen Dewulf; Luca Guardabassi; Friederike Hilbert; Rodolphe Mader; Jesús L Romalde; Peter Smith; Francesca Baldinelli; Lisa Kohnle; Julio Alvarez,"In this Opinion, the antimicrobial-resistant bacteria responsible for transmissible diseases that constitute a threat to the health of certain kept fish species have been assessed. Atlantic salmon (<i>Salmo salar</i>), carp (<i>Cyprinus</i> spp.), rainbow trout (<i>Oncorhynchus mykiss</i>), sea bream (<i>Sparus aurata</i>) and tilapia (<i>Oreochromis</i> spp.), selected as representative of the most important fish species and production systems that are commercially reared in fresh and saltwater farms, were the focus of this assessment. The assessment was performed following a methodology based on information collected by an extensive literature review and expert judgement. Details of the methodology used for this assessment are explained in a separate Opinion. The global state of play of antimicrobial resistance in <i>Aeromonas hydrophila, Aeromonas salmonicida, Flavobacterium psychrophilum</i> and <i>Flavobacterium columnare</i> is provided. Among these bacteria, none was identified as being among the most relevant antimicrobial-resistant bacteria in the assessed kept fish species in the EU due to the very limited scientific evidence available.",20,2,e07076,,Biology; Tilapia; Rainbow trout; Aeromonas; Flavobacterium; Common carp; Antimicrobial; Carp; Aeromonas hydrophila; Aeromonas salmonicida; Salmo; Antibiotic resistance; Aquaculture; Oreochromis; Trout; Fish farming; Bacteria; Fishery; Microbiology; Veterinary medicine; Cyprinus; Antibiotics; Fish <Actinopterygii>; Pseudomonas; Medicine; Genetics,Animal Health Law; antimicrobial resistance; extensive literature review; fish,,,,https://onlinelibrary.wiley.com/doi/pdfdirect/10.2903/j.efsa.2022.7076 https://doi.org/10.2903/j.efsa.2022.7076 https://biblio.ugent.be/publication/8761650/file/8761660.pdf https://biblio.ugent.be/publication/8761650 https://cris.unibo.it/bitstream/11585/897122/1/EFSA%20Journal%20-%202022%20-%20%20-%20Assessment%20of%20animal%20diseases%20caused%20by%20bacteria%20resistant%20to%20antimicrobials%20%20kept%20fish%20species.pdf https://hdl.handle.net/11585/897122 https://biblio.ugent.be/publication/8761650/file/8761660 https://repositori.irta.cat/bitstream/20.500.12327/1655/1/Nielsen_Assessment_2022.pdf http://hdl.handle.net/20.500.12327/1655,http://dx.doi.org/10.2903/j.efsa.2022.7076,35136422,10.2903/j.efsa.2022.7076,,PMC8808658,0,000-733-264-004-91X; 004-035-799-303-614; 007-666-413-148-827; 015-308-288-058-32X; 020-801-846-926-735; 021-303-520-494-826; 024-507-151-698-252; 025-327-826-048-388; 025-393-319-560-016; 027-734-960-652-237; 032-721-273-596-665; 040-606-642-081-197; 040-905-826-979-911; 043-357-701-548-32X; 045-303-918-777-640; 048-520-541-758-705; 058-722-000-181-77X; 074-564-247-186-168; 081-599-283-021-882; 089-261-938-482-181; 096-614-177-771-521; 097-720-698-223-489; 106-753-073-330-140; 107-953-741-164-751; 110-174-772-041-557; 128-623-778-843-141; 129-943-009-856-377; 196-951-942-743-193,2,true,cc-by-nd,gold
129-712-940-712-336,Review and advancement of the marine biotic resource use metric in seafood LCAs: a case study of Norwegian salmon feed,2016-03-23,2016,journal article,The International Journal of Life Cycle Assessment,09483349; 16147502,Springer Science and Business Media LLC,Germany,Tim Cashion; Sara Hornborg; Friederike Ziegler; Erik Skontorp Hognes; Peter Tyedmers,,21,8,1106,1120,Environmental resource management; Ecosystem; Metric (unit); Production (economics); Life-cycle assessment; Resource use; Current practice; Environmental science; Fishery; Aquaculture,,,,Social Sciences and Humanities Research Council of Canada; Nova Scotia Graduate Scholarship,https://link.springer.com/article/10.1007%2Fs11367-016-1092-y https://link.springer.com/article/10.1007/s11367-016-1092-y/fulltext.html http://www.diva-portal.org/smash/record.jsf?pid=diva2:932819,http://dx.doi.org/10.1007/s11367-016-1092-y,,10.1007/s11367-016-1092-y,2308768928,,0,001-304-475-352-966; 003-000-132-949-533; 003-638-833-692-673; 004-017-765-117-910; 004-998-679-697-104; 005-156-316-624-200; 005-369-419-330-52X; 005-947-306-058-082; 008-408-843-861-854; 008-738-985-758-811; 008-837-103-713-237; 009-355-487-090-220; 009-836-830-511-73X; 012-822-954-716-80X; 013-986-918-348-955; 014-122-822-586-826; 015-363-744-530-985; 015-472-264-399-650; 017-444-663-125-408; 018-743-460-192-543; 019-517-194-773-804; 020-739-718-754-372; 022-085-418-472-472; 024-143-374-943-599; 025-539-391-814-438; 031-983-682-655-690; 033-243-517-882-848; 035-290-885-978-995; 035-685-251-726-821; 038-119-923-327-122; 040-571-651-957-421; 041-096-044-213-718; 041-135-189-699-666; 043-252-635-011-506; 044-068-875-129-681; 045-681-087-474-136; 046-515-163-156-918; 052-408-953-060-383; 053-513-072-115-533; 055-137-791-334-288; 055-485-226-699-285; 056-228-092-536-366; 058-085-000-338-301; 063-264-822-040-939; 064-012-481-726-005; 064-284-235-545-136; 064-503-671-794-160; 065-146-099-828-633; 066-508-538-391-675; 067-492-144-037-502; 070-337-508-845-198; 075-056-984-988-131; 076-269-703-731-037; 083-102-294-520-683; 084-072-268-968-136; 085-548-868-036-591; 092-950-172-182-207; 093-628-458-778-496; 096-387-059-683-419; 098-968-257-698-361; 099-839-276-150-807; 100-196-699-240-30X; 100-957-893-513-475; 103-905-489-817-973; 106-871-035-958-727; 109-267-049-995-228; 115-471-177-620-477; 115-689-092-938-357; 120-198-453-350-319; 120-476-383-101-049; 126-574-987-172-726; 139-706-667-836-443; 139-891-608-867-677; 149-326-437-780-278; 149-401-278-063-702; 154-576-031-538-337; 160-791-833-967-060; 161-072-580-272-396; 180-185-784-246-333; 185-340-756-765-661; 186-278-013-548-799,44,false,,
138-794-730-166-021,Factors affecting IMTA (integrated multi-trophic aquaculture) implementation on Atlantic Salmon (Salmo salar) farms,,2022,journal article,Aquaculture,00448486; 18735622,Elsevier BV,Netherlands,Omar Sickander; Ramón Filgueira,,561,,738716,738716,Aquaculture; Salmo; Fishery; Trophic level; Biology; Polyculture; Fish farming; Ecology; Fish <Actinopterygii>,,,,Natural Sciences and Engineering Research Council of Canada; Dalhousie University,,http://dx.doi.org/10.1016/j.aquaculture.2022.738716,,10.1016/j.aquaculture.2022.738716,,,0,000-213-725-566-247; 001-076-277-213-904; 002-803-652-663-46X; 008-775-073-829-958; 009-397-641-216-860; 010-247-182-329-832; 012-165-598-787-03X; 014-402-816-626-111; 018-201-835-125-771; 018-285-609-610-411; 020-428-266-189-174; 023-145-065-603-622; 023-355-731-938-893; 024-472-384-262-591; 026-051-691-218-301; 032-733-765-722-048; 036-145-265-577-539; 037-450-349-941-26X; 037-577-418-772-411; 044-235-975-447-551; 045-647-787-146-417; 047-059-969-883-137; 049-314-679-562-245; 052-365-567-485-36X; 054-044-493-813-660; 055-498-044-356-778; 056-014-435-851-189; 060-375-075-983-679; 061-786-878-641-480; 063-345-254-546-687; 063-974-272-025-625; 066-521-811-256-850; 069-909-902-186-27X; 073-185-303-673-360; 077-692-940-162-194; 077-868-609-714-434; 079-579-860-861-532; 080-712-954-102-428; 090-418-650-166-911; 090-710-616-861-409; 091-066-971-169-435; 092-985-382-473-766; 093-752-793-079-260; 095-428-713-464-395; 107-759-107-388-29X; 117-609-219-661-878; 122-355-396-230-271; 132-140-531-058-238; 138-059-209-228-251; 141-248-171-934-839; 144-096-434-761-984; 148-603-192-369-734; 149-219-820-958-67X; 152-203-414-918-471; 162-635-696-118-916; 166-875-255-584-864; 175-750-893-129-02X,5,false,,
163-466-377-160-211,Sea lice removal by cleaner fish in salmon aquaculture: a review of the evidence base,2020-01-30,2020,journal article,Aquaculture Environment Interactions,1869215x; 18697534,Inter-Research Science Center,Germany,Kathy Overton; Luke T. Barrett; Frode Oppedal; Tore S. Kristiansen; Tim Dempster,,12,,31,44,Cleaner fish; Wrasse; Cyclopterus lumpus; Salmon aquaculture; Fishery; Biology,,,,,https://www.int-res.com/abstracts/aei/v12/p31-44/ https://www.int-res.com/articles/aei2020/12/q012p031.pdf https://minerva-access.unimelb.edu.au/handle/11343/274220 https://findanexpert.unimelb.edu.au/scholarlywork/1440540-sea-lice-removal-by-cleaner-fish-in-salmon-aquaculture--a-review-of-the-evidence-base,http://dx.doi.org/10.3354/aei00345,,10.3354/aei00345,2991498822,,0,000-425-231-203-803; 001-501-146-412-748; 002-768-730-759-782; 003-811-144-992-933; 008-087-470-521-026; 008-158-349-684-128; 010-264-060-467-908; 011-151-561-969-16X; 011-952-026-536-370; 013-526-636-706-745; 016-078-458-902-980; 017-490-544-598-541; 017-838-398-726-713; 018-411-365-022-246; 019-810-466-864-64X; 019-979-534-946-596; 019-983-271-449-476; 021-131-938-633-047; 021-750-307-522-829; 023-093-951-027-904; 023-286-010-225-299; 024-051-799-797-947; 024-190-232-524-788; 026-193-073-361-42X; 026-619-939-421-290; 030-633-820-195-80X; 031-408-664-328-767; 032-135-186-058-496; 032-924-022-440-498; 033-345-120-002-862; 034-597-497-126-74X; 034-893-289-418-963; 035-654-318-765-541; 036-782-794-084-694; 036-844-383-282-865; 054-221-816-648-167; 054-654-113-973-346; 056-341-073-377-288; 059-783-978-977-066; 060-389-539-134-999; 062-528-162-363-782; 065-509-466-797-403; 066-497-749-058-10X; 067-167-778-181-486; 067-302-457-311-584; 068-502-911-170-068; 068-985-051-096-126; 072-723-297-318-678; 073-430-462-505-125; 075-538-770-911-00X; 080-169-813-923-298; 083-296-635-747-316; 093-701-769-199-393; 094-753-668-342-729; 104-181-330-573-327; 105-828-398-750-079; 116-549-100-054-837; 125-555-859-907-812; 136-121-373-957-335; 146-800-335-179-488; 180-970-499-700-959; 187-900-703-796-013,69,true,cc-by,gold
179-467-932-615-605,Salmon lice (Lepeophtheirus salmonis) control method effectiveness in Atlantic salmon (Salmo salar) aquaculture. A systematic literature review.,2018-05-15,2018,dissertation,,,,,Kristine Cerbule,,,,,,Systematic review; Salmo; Lepeophtheirus; Control methods; Fishery; Biology; Aquaculture,,,,,https://munin.uit.no/handle/10037/14180,https://munin.uit.no/handle/10037/14180,,,2941897862,,0,,0,false,,
